{
  "has_skill_md": {
    "repos_yes": 261,
    "repos_no": 248,
    "native_rate_yes": 0.0842911877394636,
    "native_rate_no": 0.0,
    "native_rate_ratio": null,
    "collection_rate_yes": 0.2720306513409962,
    "collection_rate_no": 0.0,
    "collection_rate_ratio": null,
    "median_findings_yes": 2,
    "median_findings_no": 0.0
  },
  "has_agents_md": {
    "repos_yes": 264,
    "repos_no": 245,
    "native_rate_yes": 0.06439393939393939,
    "native_rate_no": 0.02040816326530612,
    "native_rate_ratio": 3.1553030303030303,
    "collection_rate_yes": 0.12878787878787878,
    "collection_rate_no": 0.1510204081632653,
    "collection_rate_ratio": 0.8527846027846028,
    "median_findings_yes": 0.0,
    "median_findings_no": 0
  },
  "has_claude_md": {
    "repos_yes": 246,
    "repos_no": 263,
    "native_rate_yes": 0.036585365853658534,
    "native_rate_no": 0.049429657794676805,
    "native_rate_ratio": 0.7401500938086304,
    "collection_rate_yes": 0.16666666666666666,
    "collection_rate_no": 0.11406844106463879,
    "collection_rate_ratio": 1.461111111111111,
    "median_findings_yes": 0.0,
    "median_findings_no": 0
  },
  "has_copilot_instructions": {
    "repos_yes": 57,
    "repos_no": 452,
    "native_rate_yes": 0.07017543859649122,
    "native_rate_no": 0.03982300884955752,
    "native_rate_ratio": 1.7621832358674463,
    "collection_rate_yes": 0.19298245614035087,
    "collection_rate_no": 0.13274336283185842,
    "collection_rate_ratio": 1.453801169590643,
    "median_findings_yes": 1,
    "median_findings_no": 0.0
  },
  "has_mcp_manifest": {
    "repos_yes": 58,
    "repos_no": 451,
    "native_rate_yes": 0.13793103448275862,
    "native_rate_no": 0.031042128603104215,
    "native_rate_ratio": 4.443349753694581,
    "collection_rate_yes": 0.22413793103448276,
    "collection_rate_no": 0.1286031042128603,
    "collection_rate_ratio": 1.7428656361474435,
    "median_findings_yes": 2.0,
    "median_findings_no": 0
  },
  "has_plugin_manifest": {
    "repos_yes": 78,
    "repos_no": 431,
    "native_rate_yes": 0.14102564102564102,
    "native_rate_no": 0.025522041763341066,
    "native_rate_ratio": 5.5256410256410255,
    "collection_rate_yes": 0.3333333333333333,
    "collection_rate_no": 0.10440835266821345,
    "collection_rate_ratio": 3.1925925925925926,
    "median_findings_yes": 3.0,
    "median_findings_no": 0
  },
  "has_any_instruction_surface": {
    "repos_yes": 422,
    "repos_no": 87,
    "native_rate_yes": 0.052132701421800945,
    "native_rate_no": 0.0,
    "native_rate_ratio": null,
    "collection_rate_yes": 0.16824644549763032,
    "collection_rate_no": 0.0,
    "collection_rate_ratio": null,
    "median_findings_yes": 0.0,
    "median_findings_no": 0
  }
}
